{
  "type": "datasource",
  "name": "servicenow-optimiz-plugin",
  "id": "servicenow-optimiz-plugin",
  "metrics": true,
  "info": {
    "description": "servicenow optimiz plugin",
    "author": {
      "name": "osamaawwad",
      "url": ""
    },
    "keywords": [],
    "logos": {
      "small": "img/logo.svg",
      "large": "img/logo.svg"
    },
    "links": [
      {
        "name": "Website",
        "url": "https://github.com/grafana/simple-datasource"
      },
      {
        "name": "License",
        "url": "https://github.com/grafana/simple-datasource/blob/master/LICENSE"
      }
    ],
    "screenshots": [],
    "version": "%VERSION%",
    "updated": "%TODAY%"
  },
  "dependencies": {
    "grafanaVersion": "6.5.x",
    "plugins": []
  }
}